"id","uniqueId","parentId","level","path","sortOrder","trashed","nodeUser","text","nodeObjectType","createDate"
"-1","916724a5-173d-4619-b97e-b9de133dd6f5","-1","0","-1","0","False","-1","SYSTEM DATA: umbraco master root","ea7d8624-4cfe-4578-a871-24aa946bf34d","2020-10-17 21:56:01"
"-20","0f582a79-1e41-4cf0-bfa0-76340651891a","-1","0","-1,-20","0","False","-1","Recycle Bin","01bb7ff2-24dc-4c0c-95a2-c24ef72bbac8","2020-10-17 21:56:01"
"-21","bf7c7cbc-952f-4518-97a2-69e9c7b33842","-1","0","-1,-21","0","False","-1","Recycle Bin","cf3d8e34-1c1c-41e9-ae56-878b57b32113","2020-10-17 21:56:01"
"-92","f0bc4bfb-b499-40d6-ba86-058885a5178c","-1","1","-1,-92","35","False","-1","Label (string)","30a2a501-1978-4ddb-a57b-f7efed43ba3c","2020-10-17 21:56:01"
"-91","8e7f995c-bd81-4627-9932-c40e568ec788","-1","1","-1,-91","36","False","-1","Label (integer)","30a2a501-1978-4ddb-a57b-f7efed43ba3c","2020-10-17 21:56:01"
"-93","930861bf-e262-4ead-a704-f99453565708","-1","1","-1,-93","36","False","-1","Label (bigint)","30a2a501-1978-4ddb-a57b-f7efed43ba3c","2020-10-17 21:56:01"
"-94","0e9794eb-f9b5-4f20-a788-93acd233a7e4","-1","1","-1,-94","37","False","-1","Label (datetime)","30a2a501-1978-4ddb-a57b-f7efed43ba3c","2020-10-17 21:56:01"
"-98","a97cec69-9b71-4c30-8b12-ec398860d7e8","-1","1","-1,-98","38","False","-1","Label (time)","30a2a501-1978-4ddb-a57b-f7efed43ba3c","2020-10-17 21:56:01"
"-99","8f1ef1e1-9de4-40d3-a072-6673f631ca64","-1","1","-1,-99","39","False","-1","Label (decimal)","30a2a501-1978-4ddb-a57b-f7efed43ba3c","2020-10-17 21:56:01"
"-90","84c6b441-31df-4ffe-b67e-67d5bc3ae65a","-1","1","-1,-90","34","False","-1","Upload","30a2a501-1978-4ddb-a57b-f7efed43ba3c","2020-10-17 21:56:01"
"-89","c6bac0dd-4ab9-45b1-8e30-e4b619ee5da3","-1","1","-1,-89","33","False","-1","Textarea","30a2a501-1978-4ddb-a57b-f7efed43ba3c","2020-10-17 21:56:01"
"-88","0cc0eba1-9960-42c9-bf9b-60e150b429ae","-1","1","-1,-88","32","False","-1","Textstring","30a2a501-1978-4ddb-a57b-f7efed43ba3c","2020-10-17 21:56:01"
"-87","ca90c950-0aff-4e72-b976-a30b1ac57dad","-1","1","-1,-87","4","False","-1","Richtext editor","30a2a501-1978-4ddb-a57b-f7efed43ba3c","2020-10-17 21:56:01"
"-51","2e6d3631-066e-44b8-aec4-96f09099b2b5","-1","1","-1,-51","2","False","-1","Numeric","30a2a501-1978-4ddb-a57b-f7efed43ba3c","2020-10-17 21:56:01"
"-49","92897bc6-a5f3-4ffe-ae27-f2e7e33dda49","-1","1","-1,-49","2","False","-1","True/false","30a2a501-1978-4ddb-a57b-f7efed43ba3c","2020-10-17 21:56:01"
"-43","fbaf13a8-4036-41f2-93a3-974f678c312a","-1","1","-1,-43","2","False","-1","Checkbox list","30a2a501-1978-4ddb-a57b-f7efed43ba3c","2020-10-17 21:56:01"
"-39","0b6a45e7-44ba-430d-9da5-4e46060b9e03","-1","1","-1,-39","2","False","-1","Dropdown","30a2a501-1978-4ddb-a57b-f7efed43ba3c","2020-10-17 21:56:01"
"-41","5046194e-4237-453c-a547-15db3a07c4e1","-1","1","-1,-41","2","False","-1","Date Picker","30a2a501-1978-4ddb-a57b-f7efed43ba3c","2020-10-17 21:56:01"
"-40","bb5f57c9-ce2b-4bb9-b697-4caca783a805","-1","1","-1,-40","2","False","-1","Radiobox","30a2a501-1978-4ddb-a57b-f7efed43ba3c","2020-10-17 21:56:01"
"-42","f38f0ac7-1d27-439c-9f3f-089cd8825a53","-1","1","-1,-42","2","False","-1","Dropdown multiple","30a2a501-1978-4ddb-a57b-f7efed43ba3c","2020-10-17 21:56:01"
"-37","0225af17-b302-49cb-9176-b9f35cab9c17","-1","1","-1,-37","2","False","-1","Approved Color","30a2a501-1978-4ddb-a57b-f7efed43ba3c","2020-10-17 21:56:01"
"-36","e4d66c0f-b935-4200-81f0-025f7256b89a","-1","1","-1,-36","2","False","-1","Date Picker with time","30a2a501-1978-4ddb-a57b-f7efed43ba3c","2020-10-17 21:56:01"
"-95","c0808dd3-8133-4e4b-8ce8-e2bea84a96a4","-1","1","-1,-95","2","False","-1","List View - Content","30a2a501-1978-4ddb-a57b-f7efed43ba3c","2020-10-17 21:56:01"
"-96","3a0156c4-3b8c-4803-bdc1-6871faa83fff","-1","1","-1,-96","2","False","-1","List View - Media","30a2a501-1978-4ddb-a57b-f7efed43ba3c","2020-10-17 21:56:01"
"-97","aa2c52a0-ce87-4e65-a47c-7df09358585d","-1","1","-1,-97","2","False","-1","List View - Members","30a2a501-1978-4ddb-a57b-f7efed43ba3c","2020-10-17 21:56:01"
"1031","f38bd2d7-65d0-48e6-95dc-87ce06ec2d3d","-1","1","-1,1031","2","False","-1","Folder","4ea4382b-2f5a-4c2b-9587-ae9b3cf3602e","2020-10-17 21:56:01"
"1032","cc07b313-0843-4aa8-bbda-871c8da728c8","-1","1","-1,1032","2","False","-1","Image","4ea4382b-2f5a-4c2b-9587-ae9b3cf3602e","2020-10-17 21:56:01"
"1033","4c52d8ab-54e6-40cd-999c-7a5f24903e4d","-1","1","-1,1033","2","False","-1","File","4ea4382b-2f5a-4c2b-9587-ae9b3cf3602e","2020-10-17 21:56:01"
"1041","b6b73142-b9c1-4bf8-a16d-e1c23320b549","-1","1","-1,1041","2","False","-1","Tags","30a2a501-1978-4ddb-a57b-f7efed43ba3c","2020-10-17 21:56:01"
"1043","1df9f033-e6d4-451f-b8d2-e0cbc50a836f","-1","1","-1,1043","2","False","-1","Image Cropper","30a2a501-1978-4ddb-a57b-f7efed43ba3c","2020-10-17 21:56:01"
"1044","d59be02f-1df9-4228-aa1e-01917d806cda","-1","1","-1,1044","0","False","-1","Member","9b5416fb-e72f-45a9-a07b-5a9a2709ce43","2020-10-17 21:56:01"
"1046","fd1e0da5-5606-4862-b679-5d0cf3a52a59","-1","1","-1,1046","2","False","-1","Content Picker","30a2a501-1978-4ddb-a57b-f7efed43ba3c","2020-10-17 21:56:01"
"1047","1ea2e01f-ebd8-4ce1-8d71-6b1149e63548","-1","1","-1,1047","2","False","-1","Member Picker","30a2a501-1978-4ddb-a57b-f7efed43ba3c","2020-10-17 21:56:01"
"1048","135d60e0-64d9-49ed-ab08-893c9ba44ae5","-1","1","-1,1048","2","False","-1","Media Picker","30a2a501-1978-4ddb-a57b-f7efed43ba3c","2020-10-17 21:56:01"
"1049","9dbbcbbb-2327-434a-b355-af1b84e5010a","-1","1","-1,1049","2","False","-1","Multiple Media Picker","30a2a501-1978-4ddb-a57b-f7efed43ba3c","2020-10-17 21:56:01"
"1050","b4e3535a-1753-47e2-8568-602cf8cfee6f","-1","1","-1,1050","2","False","-1","Multi URL Picker","30a2a501-1978-4ddb-a57b-f7efed43ba3c","2020-10-17 21:56:01"
"1060","3ece86aa-61ad-45d5-b1dd-8f02f25df949","-1","1","-1,1060","29","False","-1","Home - Call To Action Link - Content Picker","30a2a501-1978-4ddb-a57b-f7efed43ba3c","2020-10-17 21:56:27"
"1061","71548df5-836c-41f8-96ac-5b98fe5e2e19","-1","1","-1,1061","30","False","-1","Home - Color Theme - Radio button list","30a2a501-1978-4ddb-a57b-f7efed43ba3c","2020-10-17 21:56:27"
"1062","34a7f8f5-a84e-439b-9322-466ff7ed8866","-1","1","-1,1062","31","False","-1","Home - Content - Grid layout","30a2a501-1978-4ddb-a57b-f7efed43ba3c","2020-10-17 21:56:27"
"1063","fff3c360-3f90-45b3-a554-e29ca72cdce4","-1","1","-1,1063","32","False","-1","Home - Font - Radio button list","30a2a501-1978-4ddb-a57b-f7efed43ba3c","2020-10-17 21:56:27"
"1064","519eaa41-b905-4371-aa7c-40c9b3946f66","-1","1","-1,1064","33","False","-1","Home - Logo - Media Picker","30a2a501-1978-4ddb-a57b-f7efed43ba3c","2020-10-17 21:56:27"
"1065","9d5ba2c5-ed7a-41f8-b454-9fc65f48752e","-1","1","-1,1065","34","False","-1","Blog - How many posts should be shown - Slider","30a2a501-1978-4ddb-a57b-f7efed43ba3c","2020-10-17 21:56:27"
"1066","9d0726e6-5fa7-4455-8fe6-ed5bf9057cc4","-1","1","-1,1066","35","False","-1","Blogpost - Categories - Tags","30a2a501-1978-4ddb-a57b-f7efed43ba3c","2020-10-17 21:56:27"
"1067","59accdfb-e0e7-4ff2-b8ab-4822b78d2c64","-1","1","-1,1067","36","False","-1","Contact - Pick a Contact Form - Form Picker","30a2a501-1978-4ddb-a57b-f7efed43ba3c","2020-10-17 21:56:27"
"1068","ecbbac0d-974e-490c-b533-fead926dc525","-1","1","-1,1068","37","False","-1","Contact - Contact Intro - Rich Text Editor","30a2a501-1978-4ddb-a57b-f7efed43ba3c","2020-10-17 21:56:27"
"1069","ea0ed4c1-c489-43b8-9058-a70babf430ff","-1","1","-1,1069","38","False","-1","Content Base - Content - Grid layout","30a2a501-1978-4ddb-a57b-f7efed43ba3c","2020-10-17 21:56:27"
"1070","4885450e-a60f-42bb-984a-43988baf5283","-1","1","-1,1070","39","False","-1","People - Featured People - Multinode Treepicker","30a2a501-1978-4ddb-a57b-f7efed43ba3c","2020-10-17 21:56:27"
"1071","b58c1530-91c9-4c83-aa35-032aca0f7b89","-1","1","-1,1071","40","False","-1","Person - Department - Tags","30a2a501-1978-4ddb-a57b-f7efed43ba3c","2020-10-17 21:56:27"
"1072","e26a8d91-a9d7-475b-bc3b-2a09f4743754","-1","1","-1,1072","41","False","-1","Person - Photo - Media Picker","30a2a501-1978-4ddb-a57b-f7efed43ba3c","2020-10-17 21:56:27"
"1073","59ac0a33-9d34-4236-9886-99310d13d7f1","-1","1","-1,1073","42","False","-1","Product - Category - Tags","30a2a501-1978-4ddb-a57b-f7efed43ba3c","2020-10-17 21:56:27"
"1074","30c35221-91b0-49a5-a599-42d1965161ea","-1","1","-1,1074","43","False","-1","Navigation Base - Keywords - Tags","30a2a501-1978-4ddb-a57b-f7efed43ba3c","2020-10-17 21:56:27"
"1075","84bbeb67-df7e-4043-8db8-55df52d01456","-1","1","-1,1075","44","False","-1","Product - Features - Nested Content","30a2a501-1978-4ddb-a57b-f7efed43ba3c","2020-10-17 21:56:27"
"1076","3ada047c-6dfc-4a14-afc4-7efb79390f92","-1","1","-1,1076","45","False","-1","Product - Photos - Media Picker","30a2a501-1978-4ddb-a57b-f7efed43ba3c","2020-10-17 21:56:27"
"1077","3f6619b6-08a4-4be7-8d6a-2761844ee567","-1","1","-1,1077","46","False","-1","Product - Price - Decimal","30a2a501-1978-4ddb-a57b-f7efed43ba3c","2020-10-17 21:56:27"
"1078","28a6aeda-b3fc-4c4d-926e-607854a07891","-1","1","-1,1078","47","False","-1","Products - Default Currency - Dropdown list","30a2a501-1978-4ddb-a57b-f7efed43ba3c","2020-10-17 21:56:27"
"1079","d0382188-119b-49b7-86d3-84119a02645f","-1","1","-1,1079","48","False","-1","Products - Featured Products - Multinode Treepicker","30a2a501-1978-4ddb-a57b-f7efed43ba3c","2020-10-17 21:56:27"
"1080","fc1475d2-7c7b-4b2f-bc53-54c86fd43d6c","-1","1","-1,1080","49","False","-1","Contact - Map Coordinates - Open street maps","30a2a501-1978-4ddb-a57b-f7efed43ba3c","2020-10-17 21:56:27"
"1081","95b1bddc-9c61-4cb8-959a-a634da5cdc5b","1086","1","-1,1086,1081","0","False","","Blog","6fbde604-4178-42ce-a10b-8a2600a2f07d","2020-10-17 21:56:27"
"1082","6b6bc251-451e-43fd-8234-0bbe91d91941","1086","1","-1,1086,1082","0","False","","Blogpost","6fbde604-4178-42ce-a10b-8a2600a2f07d","2020-10-17 21:56:27"
"1083","4a2a4e0d-1aef-4f2a-81d9-0f62d227813b","1086","1","-1,1086,1083","0","False","","Contact","6fbde604-4178-42ce-a10b-8a2600a2f07d","2020-10-17 21:56:27"
"1084","1fb648f8-9335-4e09-9ddd-830e0f2b4339","1086","1","-1,1086,1084","0","False","","ContentPage","6fbde604-4178-42ce-a10b-8a2600a2f07d","2020-10-17 21:56:27"
"1085","f2f75932-95d8-46d2-901b-0023627db12f","1086","1","-1,1086,1085","0","False","","Home","6fbde604-4178-42ce-a10b-8a2600a2f07d","2020-10-17 21:56:27"
"1086","0f6109b3-fdaf-428b-b928-be209da74e4d","-1","1","-1,1086","0","False","","Master","6fbde604-4178-42ce-a10b-8a2600a2f07d","2020-10-17 21:56:27"
"1087","b54a0859-4694-4e03-a3d5-357d668417e8","1086","1","-1,1086,1087","0","False","","People","6fbde604-4178-42ce-a10b-8a2600a2f07d","2020-10-17 21:56:27"
"1088","8bd6b563-2977-44e8-8727-440379f60a0a","1086","1","-1,1086,1088","0","False","","Person","6fbde604-4178-42ce-a10b-8a2600a2f07d","2020-10-17 21:56:27"
"1089","dc9093ab-caef-41e5-b5a9-21b1aed7eeaf","1086","1","-1,1086,1089","0","False","","Product","6fbde604-4178-42ce-a10b-8a2600a2f07d","2020-10-17 21:56:27"
"1090","81e4c121-7311-4a5d-ab1e-661026383bff","1086","1","-1,1086,1090","0","False","","Products","6fbde604-4178-42ce-a10b-8a2600a2f07d","2020-10-17 21:56:27"
"1091","6b8bd5f9-3753-449f-bb74-38c342829018","-1","1","-1,1091","0","False","-1","Compositions","2f7a2769-6b0b-4468-90dd-af42d64f7f16","2020-10-17 21:56:27"
"1092","6722e990-83e2-458c-a739-2052e744b09e","1091","2","-1,1091,1092","0","False","-1","Content Base","a2cb7800-f571-4787-9638-bc48539a0efb","2020-10-17 21:56:28"
"1093","0bd89cf2-6d87-4984-a324-d21d4e3e1305","1091","2","-1,1091,1093","1","False","-1","Navigation Base","a2cb7800-f571-4787-9638-bc48539a0efb","2020-10-17 21:56:28"
"1094","36990261-dcd9-4741-b37c-3c33afcc0eb3","-1","1","-1,1094","0","False","-1","Products","a2cb7800-f571-4787-9638-bc48539a0efb","2020-10-17 21:56:28"
"1095","b8f414fb-cc7d-4efe-902a-d5fba3063cbe","-1","1","-1,1095","1","False","-1","Product","a2cb7800-f571-4787-9638-bc48539a0efb","2020-10-17 21:56:28"
"1096","b43fcd58-4b28-4b7d-97cc-0af1e3133dba","-1","1","-1,1096","2","False","-1","Person","a2cb7800-f571-4787-9638-bc48539a0efb","2020-10-17 21:56:28"
"1097","ac50904c-b39e-4288-a713-2fa9c92f5c01","-1","1","-1,1097","3","False","-1","People","a2cb7800-f571-4787-9638-bc48539a0efb","2020-10-17 21:56:28"
"1098","4d95be4a-ccf4-4004-aaa3-b77b85dde91a","-1","1","-1,1098","4","False","-1","Home","a2cb7800-f571-4787-9638-bc48539a0efb","2020-10-17 21:56:28"
"1099","e5b46f7d-5c62-4b43-9370-df6ccc0b8dc9","1091","2","-1,1091,1099","2","False","-1","Feature","a2cb7800-f571-4787-9638-bc48539a0efb","2020-10-17 21:56:28"
"1100","5de2cbe9-4958-44f1-9d0f-5e109697531a","-1","1","-1,1100","5","False","-1","Content Page","a2cb7800-f571-4787-9638-bc48539a0efb","2020-10-17 21:56:28"
"1101","222077be-e5ba-48b2-b2ac-6170bae8ff92","-1","1","-1,1101","6","False","-1","Contact","a2cb7800-f571-4787-9638-bc48539a0efb","2020-10-17 21:56:28"
"1102","e85794fe-f2cf-4736-9850-1a43467a8b4e","-1","1","-1,1102","7","False","-1","Blogpost","a2cb7800-f571-4787-9638-bc48539a0efb","2020-10-17 21:56:28"
"1103","cf188134-d560-4fb8-80ec-53e3d83a0b75","-1","1","-1,1103","8","False","-1","Blog","a2cb7800-f571-4787-9638-bc48539a0efb","2020-10-17 21:56:28"
"1104","ca4249ed-2b23-4337-b522-63cabe5587d1","-1","1","-1,1104","0","False","-1","Home","c66ba18e-eaf3-4cff-8a22-41b16d66a972","2020-10-17 21:56:29"
"1105","ec4aafcc-0c25-4f25-a8fe-705bfae1d324","1104","2","-1,1104,1105","0","False","-1","Products","c66ba18e-eaf3-4cff-8a22-41b16d66a972","2020-10-17 21:56:29"
"1106","df1eb830-411b-4d41-a343-3917b76d533c","1105","3","-1,1104,1105,1106","0","False","-1","Tattoo","c66ba18e-eaf3-4cff-8a22-41b16d66a972","2020-10-17 21:56:29"
"1107","4e96411a-b8e1-435f-9322-2faee30ef5f2","1105","3","-1,1104,1105,1107","1","False","-1","Unicorn","c66ba18e-eaf3-4cff-8a22-41b16d66a972","2020-10-17 21:56:29"
"1108","d390a562-107d-4f02-8df7-57aa86bad752","1105","3","-1,1104,1105,1108","2","False","-1","Ping Pong Ball","c66ba18e-eaf3-4cff-8a22-41b16d66a972","2020-10-17 21:56:29"
"1109","bb7d5ae0-07ac-40b8-b5b9-18c36947fb56","1105","3","-1,1104,1105,1109","3","False","-1","Bowling Ball","c66ba18e-eaf3-4cff-8a22-41b16d66a972","2020-10-17 21:56:29"
"1110","202cdc2f-1a45-40f4-a653-a7b321e1c54c","1105","3","-1,1104,1105,1110","4","False","-1","Jumpsuit","c66ba18e-eaf3-4cff-8a22-41b16d66a972","2020-10-17 21:56:29"
"1111","103171c8-e11c-4002-9bb2-f3404cada22a","1105","3","-1,1104,1105,1111","5","False","-1","Banjo","c66ba18e-eaf3-4cff-8a22-41b16d66a972","2020-10-17 21:56:29"
"1112","061662b9-b02a-4dcf-af59-92b603e8e3e1","1105","3","-1,1104,1105,1112","6","False","-1","Knitted West","c66ba18e-eaf3-4cff-8a22-41b16d66a972","2020-10-17 21:56:29"
"1113","262beb70-53a6-49b8-9e98-cfde2e85a78e","1105","3","-1,1104,1105,1113","7","False","-1","Biker Jacket","c66ba18e-eaf3-4cff-8a22-41b16d66a972","2020-10-17 21:56:29"
"1114","e8ad9b65-cff6-4952-ac5b-efe56a60db62","1104","2","-1,1104,1114","1","False","-1","People","c66ba18e-eaf3-4cff-8a22-41b16d66a972","2020-10-17 21:56:29"
"1115","616d0f54-b8b0-450e-be0d-2ca4c06672a2","1114","3","-1,1104,1114,1115","0","False","-1","Jan Skovgaard","c66ba18e-eaf3-4cff-8a22-41b16d66a972","2020-10-17 21:56:29"
"1116","eab72f13-b22e-46d5-b270-9c196e49a53b","1114","3","-1,1104,1114,1116","1","False","-1","Matt Brailsford","c66ba18e-eaf3-4cff-8a22-41b16d66a972","2020-10-17 21:56:29"
"1117","9946f249-0d6e-496c-91b6-64eaf1a3dffd","1114","3","-1,1104,1114,1117","2","False","-1","Lee Kelleher","c66ba18e-eaf3-4cff-8a22-41b16d66a972","2020-10-17 21:56:29"
"1118","4f0b7052-d854-43b5-bb7c-6c82af4d96d1","1114","3","-1,1104,1114,1118","3","False","-1","Jeavon Leopold","c66ba18e-eaf3-4cff-8a22-41b16d66a972","2020-10-17 21:56:29"
"1119","1301ecb2-beaf-44f3-a12e-48bdbcde6023","1114","3","-1,1104,1114,1119","4","False","-1","Jeroen Breuer","c66ba18e-eaf3-4cff-8a22-41b16d66a972","2020-10-17 21:56:29"
"1120","3cce2545-e3ac-44ec-bf55-a52cc5965db3","1104","2","-1,1104,1120","2","False","-1","About Us","c66ba18e-eaf3-4cff-8a22-41b16d66a972","2020-10-17 21:56:29"
"1121","ee82cba3-a0e7-4063-9ae1-3026a4f72a3d","1120","3","-1,1104,1120,1121","0","False","-1","About this Starter Kit","c66ba18e-eaf3-4cff-8a22-41b16d66a972","2020-10-17 21:56:29"
"1122","9c1c3a2c-72b0-45e2-a3c3-3c068164a018","1120","3","-1,1104,1120,1122","1","False","-1","Todo list for the Starter Kit","c66ba18e-eaf3-4cff-8a22-41b16d66a972","2020-10-17 21:56:29"
"1123","1d770f10-d1ca-4a26-9d68-071e2c9f7ac1","1104","2","-1,1104,1123","3","False","-1","Blog","c66ba18e-eaf3-4cff-8a22-41b16d66a972","2020-10-17 21:56:29"
"1124","782c631b-11e9-4e90-8fc1-6aeff37b488a","1123","3","-1,1104,1123,1124","0","False","-1","My Blog Post","c66ba18e-eaf3-4cff-8a22-41b16d66a972","2020-10-17 21:56:29"
"1125","72346384-fc5e-4a6e-a07d-559eec11dcea","1123","3","-1,1104,1123,1125","1","False","-1","Another one","c66ba18e-eaf3-4cff-8a22-41b16d66a972","2020-10-17 21:56:29"
"1126","bc41a208-5c36-4978-a3e2-7cfcfd581980","1123","3","-1,1104,1123,1126","2","False","-1","This will be great","c66ba18e-eaf3-4cff-8a22-41b16d66a972","2020-10-17 21:56:29"
"1127","4a1f4198-e143-48ba-a0f5-1a7ef2df23aa","1104","2","-1,1104,1127","4","False","-1","Contact","c66ba18e-eaf3-4cff-8a22-41b16d66a972","2020-10-17 21:56:29"
"1128","b6f11172-373f-4473-af0f-0b0e5aefd21c","-1","1","-1,1128","1","False","-1","Design","b796f64c-1f99-4ffb-b886-4bf4bc011a9c","2020-10-17 21:56:31"
"1129","1fd2ecaf-f371-4c00-9306-867fa4585e7a","-1","1","-1,1129","1","False","-1","People","b796f64c-1f99-4ffb-b886-4bf4bc011a9c","2020-10-17 21:56:31"
"1130","6d5bf746-cb82-45c5-bd15-dd3798209b87","-1","1","-1,1130","1","False","-1","Products","b796f64c-1f99-4ffb-b886-4bf4bc011a9c","2020-10-17 21:56:31"
"1131","662af6ca-411a-4c93-a6c7-22c4845698e7","1128","2","-1,1128,1131","0","False","-1","Umbraco Campari Meeting Room","b796f64c-1f99-4ffb-b886-4bf4bc011a9c","2020-10-17 21:56:32"
"1132","55514845-b8bd-487c-b370-9724852fd6bb","1130","2","-1,1130,1132","0","False","-1","Biker Jacket","b796f64c-1f99-4ffb-b886-4bf4bc011a9c","2020-10-17 21:56:32"
"1133","20e3a8ff-ad1b-4fe9-b48c-b8461c46d2d0","1130","2","-1,1130,1133","0","False","-1","Tattoo","b796f64c-1f99-4ffb-b886-4bf4bc011a9c","2020-10-17 21:56:32"
"1134","1bc5280b-8658-4027-89d9-58e2576e469b","1130","2","-1,1130,1134","0","False","-1","Unicorn","b796f64c-1f99-4ffb-b886-4bf4bc011a9c","2020-10-17 21:56:32"
"1135","c09ec77f-08e3-466a-ac58-c979befd3cd6","1130","2","-1,1130,1135","0","False","-1","Ping Pong Ball","b796f64c-1f99-4ffb-b886-4bf4bc011a9c","2020-10-17 21:56:33"
"1136","b76ddb4e-e603-4014-9906-6087984740ec","1130","2","-1,1130,1136","0","False","-1","Bowling Ball","b796f64c-1f99-4ffb-b886-4bf4bc011a9c","2020-10-17 21:56:33"
"1137","46a025d6-095a-4b14-8b96-1b59ca4e951c","1130","2","-1,1130,1137","0","False","-1","Jumpsuit","b796f64c-1f99-4ffb-b886-4bf4bc011a9c","2020-10-17 21:56:33"
"1138","17552d12-081d-4d01-b681-32c495d6576f","1130","2","-1,1130,1138","0","False","-1","Banjo","b796f64c-1f99-4ffb-b886-4bf4bc011a9c","2020-10-17 21:56:34"
"1139","1d0b713a-022a-49c8-b842-a2463c83a553","1130","2","-1,1130,1139","0","False","-1","Knitted West","b796f64c-1f99-4ffb-b886-4bf4bc011a9c","2020-10-17 21:56:34"
"1140","cf1ab8dc-ad0f-4a8e-974b-87b84777b0d6","1129","2","-1,1129,1140","0","False","-1","Jan Skovgaard","b796f64c-1f99-4ffb-b886-4bf4bc011a9c","2020-10-17 21:56:34"
"1141","eee91c05-b2e8-4031-a056-dcd7f28eff89","1129","2","-1,1129,1141","0","False","-1","Matt Brailsford","b796f64c-1f99-4ffb-b886-4bf4bc011a9c","2020-10-17 21:56:35"
"1142","fa763e0d-0ceb-408c-8720-365d57e06e32","1129","2","-1,1129,1142","0","False","-1","Lee Kelleher","b796f64c-1f99-4ffb-b886-4bf4bc011a9c","2020-10-17 21:56:35"
"1143","c0969cab-13ab-4de9-819a-848619ac2b5d","1129","2","-1,1129,1143","0","False","-1","Jeavon Leopold","b796f64c-1f99-4ffb-b886-4bf4bc011a9c","2020-10-17 21:56:35"
"1144","34371d08-92c8-4015-912e-baacd002c5d0","1129","2","-1,1129,1144","0","False","-1","Jeroen Breuer","b796f64c-1f99-4ffb-b886-4bf4bc011a9c","2020-10-17 21:56:36"
